Plugin,Repository,URL,Has_JDK25,JDK25_Commit_SHA,JDK25_Commit_Date,JDK25_PR_Number,JDK25_PR_URL,Is_Merged,Jenkinsfile_URL,Has_Jenkinsfile
Active Choices Plugin,jenkinsci/active-choices-plugin,https://github.com/jenkinsci/active-choices-plugin,false,,,,,false,https://raw.githubusercontent.com/jenkinsci/active-choices-plugin/master/Jenkinsfile,true
Active Directory Plugin,jenkinsci/active-directory-plugin,https://github.com/jenkinsci/active-directory-plugin,false,,,,,false,https://raw.githubusercontent.com/jenkinsci/active-directory-plugin/master/Jenkinsfile,true
Allure Plugin,jenkinsci/allure-plugin,https://github.com/jenkinsci/allure-plugin,false,,,,,false,https://raw.githubusercontent.com/jenkinsci/allure-plugin/master/Jenkinsfile,false
Analysis Model Api Plugin,jenkinsci/analysis-model-api-plugin,https://github.com/jenkinsci/analysis-model-api-plugin,true,bd200a1c718b359a4717cf8b898a082b6a8d3f3b,2025-10-26T11:19:08Z,211,https://github.com/jenkinsci/analysis-model-api-plugin/pull/211,true,https://raw.githubusercontent.com/jenkinsci/analysis-model-api-plugin/main/Jenkinsfile,true
Ansible Plugin,jenkinsci/ansible-plugin,https://github.com/jenkinsci/ansible-plugin,true,d4cde55a4020b4f3b58d77a435b11de64fa842e3,2025-08-11T07:30:57Z,340,https://github.com/jenkinsci/ansible-plugin/pull/340,true,https://raw.githubusercontent.com/jenkinsci/ansible-plugin/main/Jenkinsfile,true
Ansicolor Plugin,jenkinsci/ansicolor-plugin,https://github.com/jenkinsci/ansicolor-plugin,true,299e57973a45eb4d6849950c0c5ee20c87dff0d3,2025-10-26T11:19:08Z,365,https://github.com/jenkinsci/ansicolor-plugin/pull/365,true,https://raw.githubusercontent.com/jenkinsci/ansicolor-plugin/master/Jenkinsfile,true
Ant Plugin,jenkinsci/ant-plugin,https://github.com/jenkinsci/ant-plugin,true,dd33fa636417d5951b07394789194a67e5ac5b28,2025-11-07T22:51:31Z,177,https://github.com/jenkinsci/ant-plugin/pull/177,true,https://raw.githubusercontent.com/jenkinsci/ant-plugin/master/Jenkinsfile,true
Antisamy Markup Formatter Plugin,jenkinsci/antisamy-markup-formatter-plugin,https://github.com/jenkinsci/antisamy-markup-formatter-plugin,true,8f540def7f4e22a21dc2cca9b45046095dcd173f,2025-11-07T12:57:28Z,149,https://github.com/jenkinsci/antisamy-markup-formatter-plugin/pull/149,true,https://raw.githubusercontent.com/jenkinsci/antisamy-markup-formatter-plugin/master/Jenkinsfile,true
Apache Httpcomponents Client 4 Api Plugin,jenkinsci/apache-httpcomponents-client-4-api-plugin,https://github.com/jenkinsci/apache-httpcomponents-client-4-api-plugin,true,49197890c1c1876cc9b597424a1821214285f1e0,2025-10-25T14:11:34Z,265,https://github.com/jenkinsci/apache-httpcomponents-client-4-api-plugin/pull/265,true,https://raw.githubusercontent.com/jenkinsci/apache-httpcomponents-client-4-api-plugin/master/Jenkinsfile,true
Apache Httpcomponents Client 5 Api Plugin,jenkinsci/apache-httpcomponents-client-5-api-plugin,https://github.com/jenkinsci/apache-httpcomponents-client-5-api-plugin,true,9da8cbc0f3cdcb578763abf2e2f73f8735faabfb,2025-10-26T11:19:08Z,105,https://github.com/jenkinsci/apache-httpcomponents-client-5-api-plugin/pull/105,true,https://raw.githubusercontent.com/jenkinsci/apache-httpcomponents-client-5-api-plugin/main/Jenkinsfile,true
Artifactory Plugin,jenkinsci/artifactory-plugin,https://github.com/jenkinsci/artifactory-plugin,false,,,,,false,https://raw.githubusercontent.com/jenkinsci/artifactory-plugin/master/Jenkinsfile,false
Asm Api Plugin,jenkinsci/asm-api-plugin,https://github.com/jenkinsci/asm-api-plugin,true,c6b67b7c258660dcbaef8d31ee273ad79aa11462,2025-08-09T08:40:50Z,91,https://github.com/jenkinsci/asm-api-plugin/pull/91,true,https://raw.githubusercontent.com/jenkinsci/asm-api-plugin/main/Jenkinsfile,true
Authentication Tokens Plugin,jenkinsci/authentication-tokens-plugin,https://github.com/jenkinsci/authentication-tokens-plugin,true,2ff7786695582dc3b09286841e2b2f0cd2f933f2,2025-08-08T15:43:51Z,223,https://github.com/jenkinsci/authentication-tokens-plugin/pull/223,true,https://raw.githubusercontent.com/jenkinsci/authentication-tokens-plugin/master/Jenkinsfile,true
Authorize Project Plugin,jenkinsci/authorize-project-plugin,https://github.com/jenkinsci/authorize-project-plugin,true,aa49dae8e59a189edad9b6197b414be55c8c15dd,2025-11-09T21:38:02Z,340,https://github.com/jenkinsci/authorize-project-plugin/pull/340,true,https://raw.githubusercontent.com/jenkinsci/authorize-project-plugin/master/Jenkinsfile,true
Aws Credentials Plugin,jenkinsci/aws-credentials-plugin,https://github.com/jenkinsci/aws-credentials-plugin,true,8f62397c485d7485f1a470247be8951a6cf66284,2025-10-26T11:19:08Z,317,https://github.com/jenkinsci/aws-credentials-plugin/pull/317,true,https://raw.githubusercontent.com/jenkinsci/aws-credentials-plugin/master/Jenkinsfile,true
Aws Java Sdk Plugin,jenkinsci/aws-java-sdk-plugin,https://github.com/jenkinsci/aws-java-sdk-plugin,false,,,,,false,https://raw.githubusercontent.com/jenkinsci/aws-java-sdk-plugin/master/Jenkinsfile,true
Badge Plugin,jenkinsci/badge-plugin,https://github.com/jenkinsci/badge-plugin,true,429bb7712add1886a88a53cc5380a22163913704,2025-10-25T18:49:51Z,313,https://github.com/jenkinsci/badge-plugin/pull/313,true,https://raw.githubusercontent.com/jenkinsci/badge-plugin/master/Jenkinsfile,true
Bitbucket Branch Source Plugin,jenkinsci/bitbucket-branch-source-plugin,https://github.com/jenkinsci/bitbucket-branch-source-plugin,true,4566f24e044d8038adfbb4ea4f1d4eb35885f034,2025-11-17T08:34:39Z,1141,https://github.com/jenkinsci/bitbucket-branch-source-plugin/pull/1141,true,https://raw.githubusercontent.com/jenkinsci/bitbucket-branch-source-plugin/master/Jenkinsfile,true
Bitbucket Plugin,jenkinsci/bitbucket-plugin,https://github.com/jenkinsci/bitbucket-plugin,true,e6425f2091a42391b38864dca469c6530b9b79db,2025-10-26T11:19:08Z,148,https://github.com/jenkinsci/bitbucket-plugin/pull/148,true,https://raw.githubusercontent.com/jenkinsci/bitbucket-plugin/master/Jenkinsfile,true
Blueocean Autofavorite Plugin,jenkinsci/blueocean-autofavorite-plugin,https://github.com/jenkinsci/blueocean-autofavorite-plugin,false,,,,,false,https://raw.githubusercontent.com/jenkinsci/blueocean-autofavorite-plugin/master/Jenkinsfile,true
Blueocean Display Url Plugin,jenkinsci/blueocean-display-url-plugin,https://github.com/jenkinsci/blueocean-display-url-plugin,false,,,,,false,https://raw.githubusercontent.com/jenkinsci/blueocean-display-url-plugin/master/Jenkinsfile,true
Blueocean Plugin,jenkinsci/blueocean-plugin,https://github.com/jenkinsci/blueocean-plugin,true,06d0609d09ab8404d9bd8e8a29fc680957da8cfd,2025-09-02T07:33:49Z,2647,https://github.com/jenkinsci/blueocean-plugin/pull/2647,true,https://raw.githubusercontent.com/jenkinsci/blueocean-plugin/master/Jenkinsfile,true
Bootstrap4 Api Plugin,jenkinsci/bootstrap4-api-plugin,https://github.com/jenkinsci/bootstrap4-api-plugin,false,,,,,false,https://raw.githubusercontent.com/jenkinsci/bootstrap4-api-plugin/master/Jenkinsfile,true
Bootstrap5 Api Plugin,jenkinsci/bootstrap5-api-plugin,https://github.com/jenkinsci/bootstrap5-api-plugin,true,bf866fa91936eb846bc4e9303423afe1c4bde96c,2025-10-26T11:19:08Z,458,https://github.com/jenkinsci/bootstrap5-api-plugin/pull/458,true,https://raw.githubusercontent.com/jenkinsci/bootstrap5-api-plugin/main/Jenkinsfile,true
Bouncycastle Api Plugin,jenkinsci/bouncycastle-api-plugin,https://github.com/jenkinsci/bouncycastle-api-plugin,true,361332b733ebe679905a1567877f50a9c061d2e0,2025-10-26T11:19:08Z,198,https://github.com/jenkinsci/bouncycastle-api-plugin/pull/198,true,https://raw.githubusercontent.com/jenkinsci/bouncycastle-api-plugin/master/Jenkinsfile,true
Branch Api Plugin,jenkinsci/branch-api-plugin,https://github.com/jenkinsci/branch-api-plugin,true,97d1bb24ed9ad08573016e204d9477a70626a89e,2025-10-26T11:19:08Z,561,https://github.com/jenkinsci/branch-api-plugin/pull/561,true,https://raw.githubusercontent.com/jenkinsci/branch-api-plugin/master/Jenkinsfile,true
Build Name Setter Plugin,jenkinsci/build-name-setter-plugin,https://github.com/jenkinsci/build-name-setter-plugin,true,d426da33186c124d2c45b0195f62f6b639ab0a00,2025-10-26T15:45:05Z,178,https://github.com/jenkinsci/build-name-setter-plugin/pull/178,true,https://raw.githubusercontent.com/jenkinsci/build-name-setter-plugin/master/Jenkinsfile,true
Build Pipeline Plugin,jenkinsci/build-pipeline-plugin,https://github.com/jenkinsci/build-pipeline-plugin,false,,,,,false,https://raw.githubusercontent.com/jenkinsci/build-pipeline-plugin/master/Jenkinsfile,true
Build Timeout Plugin,jenkinsci/build-timeout-plugin,https://github.com/jenkinsci/build-timeout-plugin,false,,,,,false,https://raw.githubusercontent.com/jenkinsci/build-timeout-plugin/master/Jenkinsfile,true
Build User Vars Plugin,jenkinsci/build-user-vars-plugin,https://github.com/jenkinsci/build-user-vars-plugin,true,e1479552a9aeec882dd700b8a4f793f67100d4a0,2025-10-31T16:14:45Z,183,https://github.com/jenkinsci/build-user-vars-plugin/pull/183,true,https://raw.githubusercontent.com/jenkinsci/build-user-vars-plugin/master/Jenkinsfile,true
Built On Column Plugin,jenkinsci/built-on-column-plugin,https://github.com/jenkinsci/built-on-column-plugin,true,bbda2d146d551e0c673f6d3df1b71f6469949606,2025-10-25T17:50:04Z,66,https://github.com/jenkinsci/built-on-column-plugin/pull/66,true,https://raw.githubusercontent.com/jenkinsci/built-on-column-plugin/master/Jenkinsfile,true
Caffeine Api Plugin,jenkinsci/caffeine-api-plugin,https://github.com/jenkinsci/caffeine-api-plugin,true,c80dd86c785ad310d21a6fe5905559124225b661,2025-10-26T11:19:08Z,141,https://github.com/jenkinsci/caffeine-api-plugin/pull/141,true,https://raw.githubusercontent.com/jenkinsci/caffeine-api-plugin/master/Jenkinsfile,true
Checks Api Plugin,jenkinsci/checks-api-plugin,https://github.com/jenkinsci/checks-api-plugin,true,3228135dfb6ede49f99fc34ab37ee884829c2410,2025-10-26T18:34:50Z,306,https://github.com/jenkinsci/checks-api-plugin/pull/306,true,https://raw.githubusercontent.com/jenkinsci/checks-api-plugin/master/Jenkinsfile,true
Cloud Stats Plugin,jenkinsci/cloud-stats-plugin,https://github.com/jenkinsci/cloud-stats-plugin,true,3ed171a2214f8aeba339ba429c4bd34b346b03c9,2025-10-25T17:49:24Z,175,https://github.com/jenkinsci/cloud-stats-plugin/pull/175,true,https://raw.githubusercontent.com/jenkinsci/cloud-stats-plugin/master/Jenkinsfile,true
Cloudbees Folder Plugin,jenkinsci/cloudbees-folder-plugin,https://github.com/jenkinsci/cloudbees-folder-plugin,true,06d85fcc4ae868cbdea5a46672e36ed1e699b43f,2025-10-26T11:19:08Z,544,https://github.com/jenkinsci/cloudbees-folder-plugin/pull/544,true,https://raw.githubusercontent.com/jenkinsci/cloudbees-folder-plugin/master/Jenkinsfile,true
Cobertura Plugin,jenkinsci/cobertura-plugin,https://github.com/jenkinsci/cobertura-plugin,false,,,,,false,https://raw.githubusercontent.com/jenkinsci/cobertura-plugin/master/Jenkinsfile,true
Code Coverage Api Plugin,jenkinsci/code-coverage-api-plugin,https://github.com/jenkinsci/code-coverage-api-plugin,false,,,,,false,https://raw.githubusercontent.com/jenkinsci/code-coverage-api-plugin/master/Jenkinsfile,true
Command Launcher Plugin,jenkinsci/command-launcher-plugin,https://github.com/jenkinsci/command-launcher-plugin,false,,,,,false,https://raw.githubusercontent.com/jenkinsci/command-launcher-plugin/master/Jenkinsfile,true
Commons Compress Api Plugin,jenkinsci/commons-compress-api-plugin,https://github.com/jenkinsci/commons-compress-api-plugin,false,,,,,false,https://raw.githubusercontent.com/jenkinsci/commons-compress-api-plugin/master/Jenkinsfile,true
Commons Httpclient3 Api Plugin,jenkinsci/commons-httpclient3-api-plugin,https://github.com/jenkinsci/commons-httpclient3-api-plugin,false,,,,,false,https://raw.githubusercontent.com/jenkinsci/commons-httpclient3-api-plugin/master/Jenkinsfile,true
Commons Lang3 Api Plugin,jenkinsci/commons-lang3-api-plugin,https://github.com/jenkinsci/commons-lang3-api-plugin,true,4a3a22958a404fe712d8d188a80875d3e93493c8,2025-10-26T18:35:00Z,96,https://github.com/jenkinsci/commons-lang3-api-plugin/pull/96,true,https://raw.githubusercontent.com/jenkinsci/commons-lang3-api-plugin/main/Jenkinsfile,true
Commons Text Api Plugin,jenkinsci/commons-text-api-plugin,https://github.com/jenkinsci/commons-text-api-plugin,true,a5d499fff1914809ea15a8237bdbed15e5d77296,2025-10-26T11:19:08Z,155,https://github.com/jenkinsci/commons-text-api-plugin/pull/155,true,https://raw.githubusercontent.com/jenkinsci/commons-text-api-plugin/main/Jenkinsfile,true
Conditional Buildstep Plugin,jenkinsci/conditional-buildstep-plugin,https://github.com/jenkinsci/conditional-buildstep-plugin,true,714d9a78dca648ec35d1a7ff4e02703ce63a099a,2025-10-25T17:51:37Z,147,https://github.com/jenkinsci/conditional-buildstep-plugin/pull/147,true,https://raw.githubusercontent.com/jenkinsci/conditional-buildstep-plugin/master/Jenkinsfile,true
Config File Provider Plugin,jenkinsci/config-file-provider-plugin,https://github.com/jenkinsci/config-file-provider-plugin,true,6b4fd1320e9617ac1776abc51a2bf49faaa732a4,2025-08-12T15:55:11Z,384,https://github.com/jenkinsci/config-file-provider-plugin/pull/384,true,https://raw.githubusercontent.com/jenkinsci/config-file-provider-plugin/master/Jenkinsfile,true
Configuration As Code Plugin,jenkinsci/configuration-as-code-plugin,https://github.com/jenkinsci/configuration-as-code-plugin,true,918aba0771670ac36d4af96715338a1666704d5c,2025-10-26T18:35:11Z,2732,https://github.com/jenkinsci/configuration-as-code-plugin/pull/2732,true,https://raw.githubusercontent.com/jenkinsci/configuration-as-code-plugin/master/Jenkinsfile,true
Copyartifact Plugin,jenkinsci/copyartifact-plugin,https://github.com/jenkinsci/copyartifact-plugin,true,da39719dcbb64b37959f5d02ddccf9a8db317a8f,2025-10-25T17:52:00Z,283,https://github.com/jenkinsci/copyartifact-plugin/pull/283,true,https://raw.githubusercontent.com/jenkinsci/copyartifact-plugin/master/Jenkinsfile,true
Coverage Plugin,jenkinsci/coverage-plugin,https://github.com/jenkinsci/coverage-plugin,false,,,,,false,https://raw.githubusercontent.com/jenkinsci/coverage-plugin/main/Jenkinsfile,true
Credentials Binding Plugin,jenkinsci/credentials-binding-plugin,https://github.com/jenkinsci/credentials-binding-plugin,true,431c4842c9e3c578126fadf1718936bd50bf8262,2025-11-14T01:45:19Z,390,https://github.com/jenkinsci/credentials-binding-plugin/pull/390,true,https://raw.githubusercontent.com/jenkinsci/credentials-binding-plugin/master/Jenkinsfile,true
Credentials Plugin,jenkinsci/credentials-plugin,https://github.com/jenkinsci/credentials-plugin,true,ab6088f4826376627ab383dd85a7b45089e2ab77,2025-11-15T12:30:28Z,657,https://github.com/jenkinsci/credentials-plugin/pull/657,true,https://raw.githubusercontent.com/jenkinsci/credentials-plugin/master/Jenkinsfile,true
Dark Theme Plugin,jenkinsci/dark-theme-plugin,https://github.com/jenkinsci/dark-theme-plugin,true,e975868bbeb59c5a3606e48bc4d8a37e80f5a634,2025-10-26T12:48:03Z,656,https://github.com/jenkinsci/dark-theme-plugin/pull/656,true,https://raw.githubusercontent.com/jenkinsci/dark-theme-plugin/master/Jenkinsfile,true
Dashboard View Plugin,jenkinsci/dashboard-view-plugin,https://github.com/jenkinsci/dashboard-view-plugin,true,022d9810a61d218df3b94c82e6f105ccb2150fef,2025-10-26T11:19:08Z,431,https://github.com/jenkinsci/dashboard-view-plugin/pull/431,true,https://raw.githubusercontent.com/jenkinsci/dashboard-view-plugin/main/Jenkinsfile,true
Data Tables Api Plugin,jenkinsci/data-tables-api-plugin,https://github.com/jenkinsci/data-tables-api-plugin,true,fd63cc2289d29eb0574087420d37bc20019e4040,2025-10-26T11:19:08Z,635,https://github.com/jenkinsci/data-tables-api-plugin/pull/635,true,https://raw.githubusercontent.com/jenkinsci/data-tables-api-plugin/main/Jenkinsfile,true
Display Url Api Plugin,jenkinsci/display-url-api-plugin,https://github.com/jenkinsci/display-url-api-plugin,false,,,,,false,https://raw.githubusercontent.com/jenkinsci/display-url-api-plugin/master/Jenkinsfile,true
Docker Commons Plugin,jenkinsci/docker-commons-plugin,https://github.com/jenkinsci/docker-commons-plugin,false,,,,,false,https://raw.githubusercontent.com/jenkinsci/docker-commons-plugin/master/Jenkinsfile,true
Docker Java Api Plugin,jenkinsci/docker-java-api-plugin,https://github.com/jenkinsci/docker-java-api-plugin,true,d0e563bd1747bf7b3db67448c2c99fbf6d7dd496,2025-10-25T17:53:49Z,147,https://github.com/jenkinsci/docker-java-api-plugin/pull/147,true,https://raw.githubusercontent.com/jenkinsci/docker-java-api-plugin/master/Jenkinsfile,true
Docker Plugin,jenkinsci/docker-plugin,https://github.com/jenkinsci/docker-plugin,true,a0b972a7c22676619703ba7f912736a88861c8a1,2025-10-25T18:09:14Z,1176,https://github.com/jenkinsci/docker-plugin/pull/1176,true,https://raw.githubusercontent.com/jenkinsci/docker-plugin/master/Jenkinsfile,true
Docker Workflow Plugin,jenkinsci/docker-workflow-plugin,https://github.com/jenkinsci/docker-workflow-plugin,false,,,,,false,https://raw.githubusercontent.com/jenkinsci/docker-workflow-plugin/master/Jenkinsfile,true
Durable Task Plugin,jenkinsci/durable-task-plugin,https://github.com/jenkinsci/durable-task-plugin,true,34de90342d535fe1fff4623223f0ef47c4e714be,2025-11-14T01:42:13Z,304,https://github.com/jenkinsci/durable-task-plugin/pull/304,true,https://raw.githubusercontent.com/jenkinsci/durable-task-plugin/master/Jenkinsfile,true
Echarts Api Plugin,jenkinsci/echarts-api-plugin,https://github.com/jenkinsci/echarts-api-plugin,true,48e2f8240847f4a4e6120e0f4f5796f9607b8efd,2025-10-26T11:19:08Z,438,https://github.com/jenkinsci/echarts-api-plugin/pull/438,true,https://raw.githubusercontent.com/jenkinsci/echarts-api-plugin/main/Jenkinsfile,true
Eddsa Api Plugin,jenkinsci/eddsa-api-plugin,https://github.com/jenkinsci/eddsa-api-plugin,false,,,,,false,https://raw.githubusercontent.com/jenkinsci/eddsa-api-plugin/master/Jenkinsfile,true
Email Ext Plugin,jenkinsci/email-ext-plugin,https://github.com/jenkinsci/email-ext-plugin,true,ff0233ef1c890aefe2f3bc94928977c3243a0cf0,2025-10-26T11:19:08Z,644,https://github.com/jenkinsci/email-ext-plugin/pull/644,true,https://raw.githubusercontent.com/jenkinsci/email-ext-plugin/main/Jenkinsfile,true
Emailext Template Plugin,jenkinsci/emailext-template-plugin,https://github.com/jenkinsci/emailext-template-plugin,true,769557a69907783c5f8a9a2ee2104e9d3cd56da3,2025-10-25T18:06:02Z,167,https://github.com/jenkinsci/emailext-template-plugin/pull/167,true,https://raw.githubusercontent.com/jenkinsci/emailext-template-plugin/master/Jenkinsfile,true
Envinject Api Plugin,jenkinsci/envinject-api-plugin,https://github.com/jenkinsci/envinject-api-plugin,false,,,,,false,https://raw.githubusercontent.com/jenkinsci/envinject-api-plugin/master/Jenkinsfile,true
Envinject Plugin,jenkinsci/envinject-plugin,https://github.com/jenkinsci/envinject-plugin,false,,,,,false,https://raw.githubusercontent.com/jenkinsci/envinject-plugin/master/Jenkinsfile,true
Extended Choice Parameter Plugin,jenkinsci/extended-choice-parameter-plugin,https://github.com/jenkinsci/extended-choice-parameter-plugin,false,,,,,false,https://raw.githubusercontent.com/jenkinsci/extended-choice-parameter-plugin/main/Jenkinsfile,true
Extended Read Permission Plugin,jenkinsci/extended-read-permission-plugin,https://github.com/jenkinsci/extended-read-permission-plugin,true,61681d7b63ca30a92091546777b4645bb0d1c6a8,2025-11-18T05:41:09Z,35,https://github.com/jenkinsci/extended-read-permission-plugin/pull/35,true,https://raw.githubusercontent.com/jenkinsci/extended-read-permission-plugin/main/Jenkinsfile,true
External Monitor Job Plugin,jenkinsci/external-monitor-job-plugin,https://github.com/jenkinsci/external-monitor-job-plugin,false,,,,,false,https://raw.githubusercontent.com/jenkinsci/external-monitor-job-plugin/master/Jenkinsfile,true
Favorite Plugin,jenkinsci/favorite-plugin,https://github.com/jenkinsci/favorite-plugin,true,abf28587f1014bb150b00dd484011f382348c7f0,2025-10-26T11:19:08Z,229,https://github.com/jenkinsci/favorite-plugin/pull/229,true,https://raw.githubusercontent.com/jenkinsci/favorite-plugin/master/Jenkinsfile,true
Font Awesome Api Plugin,jenkinsci/font-awesome-api-plugin,https://github.com/jenkinsci/font-awesome-api-plugin,true,055fc986fb749de9e895d21d65cf7de6e07e8769,2025-10-26T11:19:08Z,366,https://github.com/jenkinsci/font-awesome-api-plugin/pull/366,true,https://raw.githubusercontent.com/jenkinsci/font-awesome-api-plugin/main/Jenkinsfile,true
Forensics Api Plugin,jenkinsci/forensics-api-plugin,https://github.com/jenkinsci/forensics-api-plugin,false,,,,,false,https://raw.githubusercontent.com/jenkinsci/forensics-api-plugin/main/Jenkinsfile,true
Generic Webhook Trigger Plugin,jenkinsci/generic-webhook-trigger-plugin,https://github.com/jenkinsci/generic-webhook-trigger-plugin,true,4c0b8adc09f465054640e19ec03446f1d38f2f8c,2025-10-26T11:34:42Z,381,https://github.com/jenkinsci/generic-webhook-trigger-plugin/pull/381,true,https://raw.githubusercontent.com/jenkinsci/generic-webhook-trigger-plugin/master/Jenkinsfile,true
Git Client Plugin,jenkinsci/git-client-plugin,https://github.com/jenkinsci/git-client-plugin,true,ce504cf627d49515a0e20fb9871afe3b2113dac8,2025-10-25T14:56:42Z,1352,https://github.com/jenkinsci/git-client-plugin/pull/1352,true,https://raw.githubusercontent.com/jenkinsci/git-client-plugin/master/Jenkinsfile,true
Git Parameter Plugin,jenkinsci/git-parameter-plugin,https://github.com/jenkinsci/git-parameter-plugin,true,aa3301f283dac86021f3a9db955e95d0b87cf85a,2025-10-25T18:11:52Z,173,https://github.com/jenkinsci/git-parameter-plugin/pull/173,true,https://raw.githubusercontent.com/jenkinsci/git-parameter-plugin/master/Jenkinsfile,true
Git Plugin,jenkinsci/git-plugin,https://github.com/jenkinsci/git-plugin,true,1ed9f039ead68b659d390fe4d43de35edbd9c79b,2025-10-25T15:09:11Z,1826,https://github.com/jenkinsci/git-plugin/pull/1826,true,https://raw.githubusercontent.com/jenkinsci/git-plugin/master/Jenkinsfile,true
Git Server Plugin,jenkinsci/git-server-plugin,https://github.com/jenkinsci/git-server-plugin,false,,,,,false,https://raw.githubusercontent.com/jenkinsci/git-server-plugin/master/Jenkinsfile,true
Github Api Plugin,jenkinsci/github-api-plugin,https://github.com/jenkinsci/github-api-plugin,true,beb610326465aa0d9db5d6c3098e548626b98f48,2025-10-26T11:19:08Z,292,https://github.com/jenkinsci/github-api-plugin/pull/292,true,https://raw.githubusercontent.com/jenkinsci/github-api-plugin/master/Jenkinsfile,true
Github Branch Source Plugin,jenkinsci/github-branch-source-plugin,https://github.com/jenkinsci/github-branch-source-plugin,true,5e0079c1acde7bdab7e31185cfe3e32d12852b9f,2025-10-26T11:19:08Z,910,https://github.com/jenkinsci/github-branch-source-plugin/pull/910,true,https://raw.githubusercontent.com/jenkinsci/github-branch-source-plugin/master/Jenkinsfile,true
Github Plugin,jenkinsci/github-plugin,https://github.com/jenkinsci/github-plugin,false,,,,,false,https://raw.githubusercontent.com/jenkinsci/github-plugin/master/Jenkinsfile,true
Gitlab Api Plugin,jenkinsci/gitlab-api-plugin,https://github.com/jenkinsci/gitlab-api-plugin,true,14c6eae7809edbbfda09cf790c4ec00e372a0d31,2025-10-26T12:04:59Z,125,https://github.com/jenkinsci/gitlab-api-plugin/pull/125,true,https://raw.githubusercontent.com/jenkinsci/gitlab-api-plugin/master/Jenkinsfile,true
Gitlab Plugin,jenkinsci/gitlab-plugin,https://github.com/jenkinsci/gitlab-plugin,true,e04966165c70fee5e2d8226c7ec0190bdbce1dcd,2025-11-15T22:43:26Z,1835,https://github.com/jenkinsci/gitlab-plugin/pull/1835,true,https://raw.githubusercontent.com/jenkinsci/gitlab-plugin/master/Jenkinsfile,true
Gradle Plugin,jenkinsci/gradle-plugin,https://github.com/jenkinsci/gradle-plugin,false,,,,,false,https://raw.githubusercontent.com/jenkinsci/gradle-plugin/master/Jenkinsfile,true
Groovy Plugin,jenkinsci/groovy-plugin,https://github.com/jenkinsci/groovy-plugin,true,56643d755a1fb5352605d5f8666bcb34a3d1d38b,2025-11-15T20:59:34Z,101,https://github.com/jenkinsci/groovy-plugin/pull/101,true,https://raw.githubusercontent.com/jenkinsci/groovy-plugin/master/Jenkinsfile,true
Groovy Postbuild Plugin,jenkinsci/groovy-postbuild-plugin,https://github.com/jenkinsci/groovy-postbuild-plugin,true,355bc134a871ad74b86c876a744f6309329d4843,2025-10-25T18:09:58Z,116,https://github.com/jenkinsci/groovy-postbuild-plugin/pull/116,true,https://raw.githubusercontent.com/jenkinsci/groovy-postbuild-plugin/master/Jenkinsfile,true
Gson Api Plugin,jenkinsci/gson-api-plugin,https://github.com/jenkinsci/gson-api-plugin,true,7f2a2bb41eb737b07531e38ee67bd51f44138c1d,2025-08-09T08:49:50Z,87,https://github.com/jenkinsci/gson-api-plugin/pull/87,true,https://raw.githubusercontent.com/jenkinsci/gson-api-plugin/main/Jenkinsfile,true
H2 Api Plugin,jenkinsci/h2-api-plugin,https://github.com/jenkinsci/h2-api-plugin,true,c824d43e83914ca873717eccb6c5da01a08c8b3f,2025-10-26T18:46:31Z,54,https://github.com/jenkinsci/h2-api-plugin/pull/54,true,https://raw.githubusercontent.com/jenkinsci/h2-api-plugin/master/Jenkinsfile,true
Handy Uri Templates 2 Api Plugin,jenkinsci/handy-uri-templates-2-api-plugin,https://github.com/jenkinsci/handy-uri-templates-2-api-plugin,false,,,,,false,https://raw.githubusercontent.com/jenkinsci/handy-uri-templates-2-api-plugin/master/Jenkinsfile,true
Htmlpublisher Plugin,jenkinsci/htmlpublisher-plugin,https://github.com/jenkinsci/htmlpublisher-plugin,true,097449d589705e130069d1d9e05abbb018bb260a,2025-10-26T11:19:08Z,385,https://github.com/jenkinsci/htmlpublisher-plugin/pull/385,true,https://raw.githubusercontent.com/jenkinsci/htmlpublisher-plugin/master/Jenkinsfile,true
Http Request Plugin,jenkinsci/http-request-plugin,https://github.com/jenkinsci/http-request-plugin,true,889e2bfdd881995f4ec93f097ade598ebe5640c3,2025-10-25T18:22:04Z,221,https://github.com/jenkinsci/http-request-plugin/pull/221,true,https://raw.githubusercontent.com/jenkinsci/http-request-plugin/master/Jenkinsfile,true
Instance Identity Plugin,jenkinsci/instance-identity-plugin,https://github.com/jenkinsci/instance-identity-plugin,true,1397aa9c626d4cbac192e3c9a3f4244eed211f8f,2025-10-25T18:08:25Z,153,https://github.com/jenkinsci/instance-identity-plugin/pull/153,true,https://raw.githubusercontent.com/jenkinsci/instance-identity-plugin/master/Jenkinsfile,true
Ionicons Api Plugin,jenkinsci/ionicons-api-plugin,https://github.com/jenkinsci/ionicons-api-plugin,true,3a0ee16eb9a0f208dc7264d5f12e3925c0126d30,2025-10-26T12:47:35Z,90,https://github.com/jenkinsci/ionicons-api-plugin/pull/90,true,https://raw.githubusercontent.com/jenkinsci/ionicons-api-plugin/main/Jenkinsfile,true
Jackson2 Api Plugin,jenkinsci/jackson2-api-plugin,https://github.com/jenkinsci/jackson2-api-plugin,true,749d0aea416110047cce43635009c267572e192a,2025-10-26T11:19:08Z,316,https://github.com/jenkinsci/jackson2-api-plugin/pull/316,true,https://raw.githubusercontent.com/jenkinsci/jackson2-api-plugin/master/Jenkinsfile,true
Jacoco Plugin,jenkinsci/jacoco-plugin,https://github.com/jenkinsci/jacoco-plugin,false,,,,,false,https://raw.githubusercontent.com/jenkinsci/jacoco-plugin/master/Jenkinsfile,true
Jakarta Activation Api Plugin,jenkinsci/jakarta-activation-api-plugin,https://github.com/jenkinsci/jakarta-activation-api-plugin,false,,,,,false,https://raw.githubusercontent.com/jenkinsci/jakarta-activation-api-plugin/master/Jenkinsfile,true
Jakarta Mail Api Plugin,jenkinsci/jakarta-mail-api-plugin,https://github.com/jenkinsci/jakarta-mail-api-plugin,false,,,,,false,https://raw.githubusercontent.com/jenkinsci/jakarta-mail-api-plugin/master/Jenkinsfile,true
Javadoc Plugin,jenkinsci/javadoc-plugin,https://github.com/jenkinsci/javadoc-plugin,true,ef91079291635e59c2162e093119e55a33b917d7,2025-10-03T23:36:11Z,233,https://github.com/jenkinsci/javadoc-plugin/pull/233,true,https://raw.githubusercontent.com/jenkinsci/javadoc-plugin/master/Jenkinsfile,true
Javax Activation Api Plugin,jenkinsci/javax-activation-api-plugin,https://github.com/jenkinsci/javax-activation-api-plugin,false,,,,,false,https://raw.githubusercontent.com/jenkinsci/javax-activation-api-plugin/master/Jenkinsfile,true
Javax Mail Api Plugin,jenkinsci/javax-mail-api-plugin,https://github.com/jenkinsci/javax-mail-api-plugin,false,,,,,false,https://raw.githubusercontent.com/jenkinsci/javax-mail-api-plugin/master/Jenkinsfile,true
Jaxb Plugin,jenkinsci/jaxb-plugin,https://github.com/jenkinsci/jaxb-plugin,true,e617b787d3f8700ebbedfa567a9dc96560c6ead2,2025-11-07T17:17:43Z,141,https://github.com/jenkinsci/jaxb-plugin/pull/141,true,https://raw.githubusercontent.com/jenkinsci/jaxb-plugin/master/Jenkinsfile,true
Jdk Tool Plugin,jenkinsci/jdk-tool-plugin,https://github.com/jenkinsci/jdk-tool-plugin,true,c50ca538d7819558238cdc6c82ffe872dd364130,2025-11-16T05:58:07Z,101,https://github.com/jenkinsci/jdk-tool-plugin/pull/101,true,https://raw.githubusercontent.com/jenkinsci/jdk-tool-plugin/master/Jenkinsfile,true
Jersey2 Api Plugin,jenkinsci/jersey2-api-plugin,https://github.com/jenkinsci/jersey2-api-plugin,false,,,,,false,https://raw.githubusercontent.com/jenkinsci/jersey2-api-plugin/master/Jenkinsfile,true
Jira Plugin,jenkinsci/jira-plugin,https://github.com/jenkinsci/jira-plugin,true,a48c9576916fdb99e842b9f905cce16f94112e0d,2025-10-27T10:05:03Z,748,https://github.com/jenkinsci/jira-plugin/pull/748,true,https://raw.githubusercontent.com/jenkinsci/jira-plugin/master/Jenkinsfile,true
Jjwt Api Plugin,jenkinsci/jjwt-api-plugin,https://github.com/jenkinsci/jjwt-api-plugin,false,,,,,false,https://raw.githubusercontent.com/jenkinsci/jjwt-api-plugin/master/Jenkinsfile,true
Jnr Posix Api Plugin,jenkinsci/jnr-posix-api-plugin,https://github.com/jenkinsci/jnr-posix-api-plugin,true,b6696141b2085058da9e2bd926e9769c6d16881e,2025-08-09T08:59:23Z,126,https://github.com/jenkinsci/jnr-posix-api-plugin/pull/126,true,https://raw.githubusercontent.com/jenkinsci/jnr-posix-api-plugin/main/Jenkinsfile,true
Job Config History Plugin,jenkinsci/job-config-history-plugin,https://github.com/jenkinsci/job-config-history-plugin,true,e72285ca662ea3d7b6c172986055290ce363ba3a,2025-10-26T11:19:08Z,392,https://github.com/jenkinsci/job-config-history-plugin/pull/392,true,https://raw.githubusercontent.com/jenkinsci/job-config-history-plugin/master/Jenkinsfile,true
Job Dsl Plugin,jenkinsci/job-dsl-plugin,https://github.com/jenkinsci/job-dsl-plugin,true,6467560a2722701c695447d0b185c15290ad29a8,2025-11-08T14:09:05Z,1640,https://github.com/jenkinsci/job-dsl-plugin/pull/1640,true,https://raw.githubusercontent.com/jenkinsci/job-dsl-plugin/master/Jenkinsfile,true
Joda Time Api Plugin,jenkinsci/joda-time-api-plugin,https://github.com/jenkinsci/joda-time-api-plugin,true,738f6943c41f27bd10584a3bd2ee7467342996ba,2025-08-09T08:51:46Z,80,https://github.com/jenkinsci/joda-time-api-plugin/pull/80,true,https://raw.githubusercontent.com/jenkinsci/joda-time-api-plugin/main/Jenkinsfile,true
Jquery Detached,jenkinsci/jquery-detached,https://github.com/jenkinsci/jquery-detached,false,,,,,false,https://raw.githubusercontent.com/jenkinsci/jquery-detached/2.1.4/Jenkinsfile,false
Jquery Plugin,jenkinsci/jquery-plugin,https://github.com/jenkinsci/jquery-plugin,false,,,,,false,https://raw.githubusercontent.com/jenkinsci/jquery-plugin/master/Jenkinsfile,true
Jquery3 Api Plugin,jenkinsci/jquery3-api-plugin,https://github.com/jenkinsci/jquery3-api-plugin,true,b3a87c379ee212e2d50adc33725b216ecf369768,2025-10-26T11:19:08Z,265,https://github.com/jenkinsci/jquery3-api-plugin/pull/265,true,https://raw.githubusercontent.com/jenkinsci/jquery3-api-plugin/main/Jenkinsfile,true
Jsch Plugin,jenkinsci/jsch-plugin,https://github.com/jenkinsci/jsch-plugin,false,,,,,false,https://raw.githubusercontent.com/jenkinsci/jsch-plugin/master/Jenkinsfile,true
Json Api Plugin,jenkinsci/json-api-plugin,https://github.com/jenkinsci/json-api-plugin,true,531bb72b1e23d880c006a8a79d8c6592ff343150,2025-08-09T08:53:46Z,86,https://github.com/jenkinsci/json-api-plugin/pull/86,true,https://raw.githubusercontent.com/jenkinsci/json-api-plugin/main/Jenkinsfile,true
Json Path Api Plugin,jenkinsci/json-path-api-plugin,https://github.com/jenkinsci/json-path-api-plugin,true,c8caa2cfbc74a186cdbd3c0645778d18c1d94020,2025-08-09T08:57:29Z,94,https://github.com/jenkinsci/json-path-api-plugin/pull/94,true,https://raw.githubusercontent.com/jenkinsci/json-path-api-plugin/main/Jenkinsfile,true
Junit Plugin,jenkinsci/junit-plugin,https://github.com/jenkinsci/junit-plugin,true,cdb64f99d100d12ee9ce92ffdc38fef15877451f,2025-10-26T18:42:18Z,757,https://github.com/jenkinsci/junit-plugin/pull/757,true,https://raw.githubusercontent.com/jenkinsci/junit-plugin/master/Jenkinsfile,true
Kubernetes Client Api Plugin,jenkinsci/kubernetes-client-api-plugin,https://github.com/jenkinsci/kubernetes-client-api-plugin,false,,,,,false,https://raw.githubusercontent.com/jenkinsci/kubernetes-client-api-plugin/master/Jenkinsfile,true
Kubernetes Credentials Plugin,jenkinsci/kubernetes-credentials-plugin,https://github.com/jenkinsci/kubernetes-credentials-plugin,false,,,,,false,https://raw.githubusercontent.com/jenkinsci/kubernetes-credentials-plugin/master/Jenkinsfile,true
Kubernetes Plugin,jenkinsci/kubernetes-plugin,https://github.com/jenkinsci/kubernetes-plugin,false,,,,,false,https://raw.githubusercontent.com/jenkinsci/kubernetes-plugin/master/Jenkinsfile,true
Ldap Plugin,jenkinsci/ldap-plugin,https://github.com/jenkinsci/ldap-plugin,true,23f32f293930b1c03964086ced3ad2781413a621,2025-10-26T11:19:08Z,385,https://github.com/jenkinsci/ldap-plugin/pull/385,true,https://raw.githubusercontent.com/jenkinsci/ldap-plugin/master/Jenkinsfile,true
Locale Plugin,jenkinsci/locale-plugin,https://github.com/jenkinsci/locale-plugin,true,9867699f4b7a6d905c1663cff800a66f7f76fc2e,2025-08-09T10:04:51Z,323,https://github.com/jenkinsci/locale-plugin/pull/323,true,https://raw.githubusercontent.com/jenkinsci/locale-plugin/main/Jenkinsfile,true
Localization Support Plugin,jenkinsci/localization-support-plugin,https://github.com/jenkinsci/localization-support-plugin,false,,,,,false,https://raw.githubusercontent.com/jenkinsci/localization-support-plugin/main/Jenkinsfile,true
Localization Zh Cn Plugin,jenkinsci/localization-zh-cn-plugin,https://github.com/jenkinsci/localization-zh-cn-plugin,false,,,,,false,https://raw.githubusercontent.com/jenkinsci/localization-zh-cn-plugin/master/Jenkinsfile,true
Lockable Resources Plugin,jenkinsci/lockable-resources-plugin,https://github.com/jenkinsci/lockable-resources-plugin,true,66e5e0ffa506cf223336319fbc900630476607c5,2025-10-25T18:25:03Z,823,https://github.com/jenkinsci/lockable-resources-plugin/pull/823,true,https://raw.githubusercontent.com/jenkinsci/lockable-resources-plugin/master/Jenkinsfile,true
Mailer Plugin,jenkinsci/mailer-plugin,https://github.com/jenkinsci/mailer-plugin,true,1e1e518ce99e947e44e99a83b48dc4457d947e98,2025-08-12T16:18:33Z,381,https://github.com/jenkinsci/mailer-plugin/pull/381,true,https://raw.githubusercontent.com/jenkinsci/mailer-plugin/master/Jenkinsfile,true
Mapdb Api Plugin,jenkinsci/mapdb-api-plugin,https://github.com/jenkinsci/mapdb-api-plugin,true,9f9af96f4c5936cfcf45c53c9bb51de69a93271e,2025-11-16T05:52:30Z,66,https://github.com/jenkinsci/mapdb-api-plugin/pull/66,true,https://raw.githubusercontent.com/jenkinsci/mapdb-api-plugin/master/Jenkinsfile,true
Mask Passwords Plugin,jenkinsci/mask-passwords-plugin,https://github.com/jenkinsci/mask-passwords-plugin,true,e55e6953437ee718ecab7d14221c2c20429f8092,2025-10-25T18:12:06Z,105,https://github.com/jenkinsci/mask-passwords-plugin/pull/105,true,https://raw.githubusercontent.com/jenkinsci/mask-passwords-plugin/master/Jenkinsfile,true
Matrix Auth Plugin,jenkinsci/matrix-auth-plugin,https://github.com/jenkinsci/matrix-auth-plugin,false,,,,,false,https://raw.githubusercontent.com/jenkinsci/matrix-auth-plugin/main/Jenkinsfile,true
Matrix Project Plugin,jenkinsci/matrix-project-plugin,https://github.com/jenkinsci/matrix-project-plugin,true,e0ac7cc858d3db7798e8501080f9bd7cadc93e4e,2025-10-26T11:19:08Z,307,https://github.com/jenkinsci/matrix-project-plugin/pull/307,true,https://raw.githubusercontent.com/jenkinsci/matrix-project-plugin/master/Jenkinsfile,true
Maven Plugin,jenkinsci/maven-plugin,https://github.com/jenkinsci/maven-plugin,false,,,,,false,https://raw.githubusercontent.com/jenkinsci/maven-plugin/master/Jenkinsfile,true
Mercurial Plugin,jenkinsci/mercurial-plugin,https://github.com/jenkinsci/mercurial-plugin,true,892a7bcf89465de67d064963ecce99698dc6e1d5,2025-10-25T18:20:09Z,309,https://github.com/jenkinsci/mercurial-plugin/pull/309,true,https://raw.githubusercontent.com/jenkinsci/mercurial-plugin/master/Jenkinsfile,true
Metrics Plugin,jenkinsci/metrics-plugin,https://github.com/jenkinsci/metrics-plugin,true,1a9594334915e9fc1f93730bd22677d0214ee809,2025-10-26T18:29:37Z,363,https://github.com/jenkinsci/metrics-plugin/pull/363,true,https://raw.githubusercontent.com/jenkinsci/metrics-plugin/master/Jenkinsfile,true
Mina Sshd Api Plugin,jenkinsci/mina-sshd-api-plugin,https://github.com/jenkinsci/mina-sshd-api-plugin,true,bb1dabd082346336efe671a249a7437cf21e48cf,2025-11-15T20:59:34Z,183,https://github.com/jenkinsci/mina-sshd-api-plugin/pull/183,true,https://raw.githubusercontent.com/jenkinsci/mina-sshd-api-plugin/main/Jenkinsfile,true
Monitoring Plugin,jenkinsci/monitoring-plugin,https://github.com/jenkinsci/monitoring-plugin,false,,,,,false,https://raw.githubusercontent.com/jenkinsci/monitoring-plugin/master/Jenkinsfile,true
Msbuild Plugin,jenkinsci/msbuild-plugin,https://github.com/jenkinsci/msbuild-plugin,true,c48912ce6826dbba96f694b2e551df87de858020,2025-10-26T12:29:51Z,227,https://github.com/jenkinsci/msbuild-plugin/pull/227,true,https://raw.githubusercontent.com/jenkinsci/msbuild-plugin/master/Jenkinsfile,true
Multiple Scms Plugin,jenkinsci/multiple-scms-plugin,https://github.com/jenkinsci/multiple-scms-plugin,false,,,,,false,https://raw.githubusercontent.com/jenkinsci/multiple-scms-plugin/master/Jenkinsfile,true
Nodejs Plugin,jenkinsci/nodejs-plugin,https://github.com/jenkinsci/nodejs-plugin,true,59f4488ec74ea7d2674bd778c8d026da050284cb,2025-11-08T16:43:31Z,199,https://github.com/jenkinsci/nodejs-plugin/pull/199,true,https://raw.githubusercontent.com/jenkinsci/nodejs-plugin/master/Jenkinsfile,true
Nodelabelparameter Plugin,jenkinsci/nodelabelparameter-plugin,https://github.com/jenkinsci/nodelabelparameter-plugin,true,adbe0f0d78c0c61fedecc7510335ef6da029ed62,2025-10-03T23:36:33Z,456,https://github.com/jenkinsci/nodelabelparameter-plugin/pull/456,true,https://raw.githubusercontent.com/jenkinsci/nodelabelparameter-plugin/master/Jenkinsfile,true
Office 365 Connector Plugin,jenkinsci/office-365-connector-plugin,https://github.com/jenkinsci/office-365-connector-plugin,true,ad2296327707ce2f83e6e42e24c25791237dbf09,2025-10-27T05:45:20Z,414,https://github.com/jenkinsci/office-365-connector-plugin/pull/414,true,https://raw.githubusercontent.com/jenkinsci/office-365-connector-plugin/master/Jenkinsfile,true
Okhttp Api Plugin,jenkinsci/okhttp-api-plugin,https://github.com/jenkinsci/okhttp-api-plugin,true,ecf669fbf4e8728c0f80b7d4ab98fde930410119,2025-11-10T12:09:11Z,272,https://github.com/jenkinsci/okhttp-api-plugin/pull/272,true,https://raw.githubusercontent.com/jenkinsci/okhttp-api-plugin/master/Jenkinsfile,true
Oss Symbols Api Plugin,jenkinsci/oss-symbols-api-plugin,https://github.com/jenkinsci/oss-symbols-api-plugin,true,e325586236cadb9f363c3b97aa6f401975cffd04,2025-08-09T09:03:08Z,217,https://github.com/jenkinsci/oss-symbols-api-plugin/pull/217,true,https://raw.githubusercontent.com/jenkinsci/oss-symbols-api-plugin/main/Jenkinsfile,true
Pam Auth Plugin,jenkinsci/pam-auth-plugin,https://github.com/jenkinsci/pam-auth-plugin,false,,,,,false,https://raw.githubusercontent.com/jenkinsci/pam-auth-plugin/master/Jenkinsfile,true
Parameterized Scheduler Plugin,jenkinsci/parameterized-scheduler-plugin,https://github.com/jenkinsci/parameterized-scheduler-plugin,true,34aac0d6bc29e99141f28e6dfc4b063891c7ce9b,2025-10-26T11:19:09Z,289,https://github.com/jenkinsci/parameterized-scheduler-plugin/pull/289,true,https://raw.githubusercontent.com/jenkinsci/parameterized-scheduler-plugin/master/Jenkinsfile,true
Parameterized Trigger Plugin,jenkinsci/parameterized-trigger-plugin,https://github.com/jenkinsci/parameterized-trigger-plugin,true,ee0e20093d01cc8a39ca61db6f685562eede0b42,2025-10-25T18:17:03Z,429,https://github.com/jenkinsci/parameterized-trigger-plugin/pull/429,true,https://raw.githubusercontent.com/jenkinsci/parameterized-trigger-plugin/master/Jenkinsfile,true
Pipeline Build Step Plugin,jenkinsci/pipeline-build-step-plugin,https://github.com/jenkinsci/pipeline-build-step-plugin,true,2fdf402ea52ac8d522ffb47dfa47f4c50bcd1fca,2025-10-26T11:19:09Z,169,https://github.com/jenkinsci/pipeline-build-step-plugin/pull/169,true,https://raw.githubusercontent.com/jenkinsci/pipeline-build-step-plugin/master/Jenkinsfile,true
Pipeline Github Lib Plugin,jenkinsci/pipeline-github-lib-plugin,https://github.com/jenkinsci/pipeline-github-lib-plugin,false,,,,,false,https://raw.githubusercontent.com/jenkinsci/pipeline-github-lib-plugin/master/Jenkinsfile,true
Pipeline Graph Analysis Plugin,jenkinsci/pipeline-graph-analysis-plugin,https://github.com/jenkinsci/pipeline-graph-analysis-plugin,true,763e9f58f5e54487747f1274e9ab7292fe5ea07d,2025-10-26T18:42:25Z,188,https://github.com/jenkinsci/pipeline-graph-analysis-plugin/pull/188,true,https://raw.githubusercontent.com/jenkinsci/pipeline-graph-analysis-plugin/master/Jenkinsfile,true
Pipeline Graph View Plugin,jenkinsci/pipeline-graph-view-plugin,https://github.com/jenkinsci/pipeline-graph-view-plugin,true,dd77f0ab6ffc0f0bdd79eb52a0a6a1de715af19d,2025-10-26T12:56:53Z,1036,https://github.com/jenkinsci/pipeline-graph-view-plugin/pull/1036,true,https://raw.githubusercontent.com/jenkinsci/pipeline-graph-view-plugin/main/Jenkinsfile,true
Pipeline Groovy Lib Plugin,jenkinsci/pipeline-groovy-lib-plugin,https://github.com/jenkinsci/pipeline-groovy-lib-plugin,true,13008816bde70bd61a814350b933c687160692a2,2025-09-22T19:00:03Z,200,https://github.com/jenkinsci/pipeline-groovy-lib-plugin/pull/200,true,https://raw.githubusercontent.com/jenkinsci/pipeline-groovy-lib-plugin/master/Jenkinsfile,true
Pipeline Input Step Plugin,jenkinsci/pipeline-input-step-plugin,https://github.com/jenkinsci/pipeline-input-step-plugin,true,380efd9d6072fe1762610d54605b59b35eeae00c,2025-10-26T11:19:09Z,247,https://github.com/jenkinsci/pipeline-input-step-plugin/pull/247,true,https://raw.githubusercontent.com/jenkinsci/pipeline-input-step-plugin/master/Jenkinsfile,true
Pipeline Maven Plugin,jenkinsci/pipeline-maven-plugin,https://github.com/jenkinsci/pipeline-maven-plugin,false,,,,,false,https://raw.githubusercontent.com/jenkinsci/pipeline-maven-plugin/master/Jenkinsfile,true
Pipeline Milestone Step Plugin,jenkinsci/pipeline-milestone-step-plugin,https://github.com/jenkinsci/pipeline-milestone-step-plugin,true,dc643fd6175d1e83bd24a7e3b9e663d1bf4a0db0,2025-11-15T20:59:34Z,187,https://github.com/jenkinsci/pipeline-milestone-step-plugin/pull/187,true,https://raw.githubusercontent.com/jenkinsci/pipeline-milestone-step-plugin/master/Jenkinsfile,true
Pipeline Model Definition Plugin,jenkinsci/pipeline-model-definition-plugin,https://github.com/jenkinsci/pipeline-model-definition-plugin,true,f773a5420cc81d2b1bca7562e919b2c6c3ec0b3d,2025-09-17T05:08:04Z,819,https://github.com/jenkinsci/pipeline-model-definition-plugin/pull/819,true,https://raw.githubusercontent.com/jenkinsci/pipeline-model-definition-plugin/master/Jenkinsfile,true
Pipeline Stage Step Plugin,jenkinsci/pipeline-stage-step-plugin,https://github.com/jenkinsci/pipeline-stage-step-plugin,true,4cfd61c0ea392ae4f116d2bfd9dbb69099052c47,2025-10-26T11:19:09Z,170,https://github.com/jenkinsci/pipeline-stage-step-plugin/pull/170,true,https://raw.githubusercontent.com/jenkinsci/pipeline-stage-step-plugin/master/Jenkinsfile,true
Pipeline Stage View Plugin,jenkinsci/pipeline-stage-view-plugin,https://github.com/jenkinsci/pipeline-stage-view-plugin,false,,,,,false,https://raw.githubusercontent.com/jenkinsci/pipeline-stage-view-plugin/master/Jenkinsfile,true
Pipeline Utility Steps Plugin,jenkinsci/pipeline-utility-steps-plugin,https://github.com/jenkinsci/pipeline-utility-steps-plugin,true,2870faf9a9f540661c5f45f68a116d592be907fd,2025-10-26T11:19:09Z,342,https://github.com/jenkinsci/pipeline-utility-steps-plugin/pull/342,true,https://raw.githubusercontent.com/jenkinsci/pipeline-utility-steps-plugin/master/Jenkinsfile,true
Plain Credentials Plugin,jenkinsci/plain-credentials-plugin,https://github.com/jenkinsci/plain-credentials-plugin,true,c89ed6e97e35ffff846ce0db806e6fa7dcd133c3,2025-11-15T20:59:34Z,99,https://github.com/jenkinsci/plain-credentials-plugin/pull/99,true,https://raw.githubusercontent.com/jenkinsci/plain-credentials-plugin/master/Jenkinsfile,true
Plugin Util Api Plugin,jenkinsci/plugin-util-api-plugin,https://github.com/jenkinsci/plugin-util-api-plugin,true,e8d2fb002202d49cd30420e2d0b8dc9defa2a9c7,2025-10-26T11:19:09Z,481,https://github.com/jenkinsci/plugin-util-api-plugin/pull/481,true,https://raw.githubusercontent.com/jenkinsci/plugin-util-api-plugin/main/Jenkinsfile,true
Popper Api Plugin,jenkinsci/popper-api-plugin,https://github.com/jenkinsci/popper-api-plugin,false,,,,,false,https://raw.githubusercontent.com/jenkinsci/popper-api-plugin/master/Jenkinsfile,false
Popper2 Api Plugin,jenkinsci/popper2-api-plugin,https://github.com/jenkinsci/popper2-api-plugin,false,,,,,false,https://raw.githubusercontent.com/jenkinsci/popper2-api-plugin/master/Jenkinsfile,true
Postbuild Task Plugin,jenkinsci/postbuild-task-plugin,https://github.com/jenkinsci/postbuild-task-plugin,true,f6ca858ae9f65dcd3f2d65f46cf9a422588545a9,2025-10-26T18:42:42Z,29,https://github.com/jenkinsci/postbuild-task-plugin/pull/29,true,https://raw.githubusercontent.com/jenkinsci/postbuild-task-plugin/master/Jenkinsfile,true
Powershell Plugin,jenkinsci/powershell-plugin,https://github.com/jenkinsci/powershell-plugin,false,,,,,false,https://raw.githubusercontent.com/jenkinsci/powershell-plugin/master/Jenkinsfile,true
Prism Api Plugin,jenkinsci/prism-api-plugin,https://github.com/jenkinsci/prism-api-plugin,true,4e3fc262de92c0779be2bc45b6a43d00206cc660,2025-10-26T11:19:09Z,262,https://github.com/jenkinsci/prism-api-plugin/pull/262,true,https://raw.githubusercontent.com/jenkinsci/prism-api-plugin/main/Jenkinsfile,true
Prometheus Plugin,jenkinsci/prometheus-plugin,https://github.com/jenkinsci/prometheus-plugin,false,,,,,false,https://raw.githubusercontent.com/jenkinsci/prometheus-plugin/master/Jenkinsfile,true
Publish Over Plugin,jenkinsci/publish-over-plugin,https://github.com/jenkinsci/publish-over-plugin,false,,,,,false,https://raw.githubusercontent.com/jenkinsci/publish-over-plugin/main/Jenkinsfile,true
Publish Over Ssh Plugin,jenkinsci/publish-over-ssh-plugin,https://github.com/jenkinsci/publish-over-ssh-plugin,false,,,,,false,https://raw.githubusercontent.com/jenkinsci/publish-over-ssh-plugin/main/Jenkinsfile,true
Pubsub Light Plugin,jenkinsci/pubsub-light-plugin,https://github.com/jenkinsci/pubsub-light-plugin,false,,,,,false,https://raw.githubusercontent.com/jenkinsci/pubsub-light-plugin/master/Jenkinsfile,true
Rebuild Plugin,jenkinsci/rebuild-plugin,https://github.com/jenkinsci/rebuild-plugin,false,,,,,false,https://raw.githubusercontent.com/jenkinsci/rebuild-plugin/master/Jenkinsfile,true
Resource Disposer Plugin,jenkinsci/resource-disposer-plugin,https://github.com/jenkinsci/resource-disposer-plugin,false,,,,,false,https://raw.githubusercontent.com/jenkinsci/resource-disposer-plugin/master/Jenkinsfile,true
Role Strategy Plugin,jenkinsci/role-strategy-plugin,https://github.com/jenkinsci/role-strategy-plugin,true,db385d642ce64c0bfe2e26a66ef227e00d03d46f,2025-10-26T11:19:09Z,427,https://github.com/jenkinsci/role-strategy-plugin/pull/427,true,https://raw.githubusercontent.com/jenkinsci/role-strategy-plugin/master/Jenkinsfile,true
Run Condition Plugin,jenkinsci/run-condition-plugin,https://github.com/jenkinsci/run-condition-plugin,true,b92fb60d523e32d45b2eafa6e71d8e1a0a222a1a,2025-10-25T18:17:23Z,141,https://github.com/jenkinsci/run-condition-plugin/pull/141,true,https://raw.githubusercontent.com/jenkinsci/run-condition-plugin/master/Jenkinsfile,true
Saml Plugin,jenkinsci/saml-plugin,https://github.com/jenkinsci/saml-plugin,true,332736ada2c46253a2e479ee333b3b1e72fd81b2,2025-10-29T14:39:40Z,573,https://github.com/jenkinsci/saml-plugin/pull/573,true,https://raw.githubusercontent.com/jenkinsci/saml-plugin/main/Jenkinsfile,true
Scm Api Plugin,jenkinsci/scm-api-plugin,https://github.com/jenkinsci/scm-api-plugin,true,c1b157716a3fe467bee803ac182973c6771b95b8,2025-10-26T11:19:09Z,352,https://github.com/jenkinsci/scm-api-plugin/pull/352,true,https://raw.githubusercontent.com/jenkinsci/scm-api-plugin/master/Jenkinsfile,true
Script Security Plugin,jenkinsci/script-security-plugin,https://github.com/jenkinsci/script-security-plugin,true,c93e723979c6d59408c24b0bcec8b4a657e50794,2025-10-25T15:52:23Z,633,https://github.com/jenkinsci/script-security-plugin/pull/633,true,https://raw.githubusercontent.com/jenkinsci/script-security-plugin/master/Jenkinsfile,true
Simple Theme Plugin,jenkinsci/simple-theme-plugin,https://github.com/jenkinsci/simple-theme-plugin,true,3b94d4859fb65a7186b85e01d04b269033506e49,2025-10-26T11:19:09Z,278,https://github.com/jenkinsci/simple-theme-plugin/pull/278,true,https://raw.githubusercontent.com/jenkinsci/simple-theme-plugin/main/Jenkinsfile,true
Slack Plugin,jenkinsci/slack-plugin,https://github.com/jenkinsci/slack-plugin,true,b169d3becb160e9bea0a1aff4107180cb8dcfaa8,2025-10-07T14:57:35Z,1086,https://github.com/jenkinsci/slack-plugin/pull/1086,true,https://raw.githubusercontent.com/jenkinsci/slack-plugin/master/Jenkinsfile,true
Snakeyaml Api Plugin,jenkinsci/snakeyaml-api-plugin,https://github.com/jenkinsci/snakeyaml-api-plugin,true,27ac6d2e152987cb327741773fb024fb2af267e8,2025-10-26T18:42:57Z,142,https://github.com/jenkinsci/snakeyaml-api-plugin/pull/142,true,https://raw.githubusercontent.com/jenkinsci/snakeyaml-api-plugin/master/Jenkinsfile,true
Sonarqube Plugin,jenkinsci/sonarqube-plugin,https://github.com/jenkinsci/sonarqube-plugin,false,,,,,false,https://raw.githubusercontent.com/jenkinsci/sonarqube-plugin/master/Jenkinsfile,false
Sse Gateway Plugin,jenkinsci/sse-gateway-plugin,https://github.com/jenkinsci/sse-gateway-plugin,false,,,,,false,https://raw.githubusercontent.com/jenkinsci/sse-gateway-plugin/master/Jenkinsfile,true
Ssh Agent Plugin,jenkinsci/ssh-agent-plugin,https://github.com/jenkinsci/ssh-agent-plugin,true,d7f5c86377369d25985ca1559f8e8472a7d286b9,2025-11-15T20:59:34Z,168,https://github.com/jenkinsci/ssh-agent-plugin/pull/168,true,https://raw.githubusercontent.com/jenkinsci/ssh-agent-plugin/master/Jenkinsfile,true
Ssh Agents Plugin,jenkinsci/ssh-agents-plugin,https://github.com/jenkinsci/ssh-agents-plugin,true,d577bdd4d0883277af03d3affe30a3621ca47c53,2025-10-26T19:29:03Z,633,https://github.com/jenkinsci/ssh-agents-plugin/pull/633,true,https://raw.githubusercontent.com/jenkinsci/ssh-agents-plugin/main/Jenkinsfile,true
Ssh Credentials Plugin,jenkinsci/ssh-credentials-plugin,https://github.com/jenkinsci/ssh-credentials-plugin,false,,,,,false,https://raw.githubusercontent.com/jenkinsci/ssh-credentials-plugin/master/Jenkinsfile,true
Ssh Plugin,jenkinsci/ssh-plugin,https://github.com/jenkinsci/ssh-plugin,false,,,,,false,https://raw.githubusercontent.com/jenkinsci/ssh-plugin/master/Jenkinsfile,true
Ssh Steps Plugin,jenkinsci/ssh-steps-plugin,https://github.com/jenkinsci/ssh-steps-plugin,false,,,,,false,https://raw.githubusercontent.com/jenkinsci/ssh-steps-plugin/master/Jenkinsfile,true
Sshd Plugin,jenkinsci/sshd-plugin,https://github.com/jenkinsci/sshd-plugin,true,0325c9c60abd389db111b6e16e60a5c1a503930e,2025-11-15T21:26:09Z,247,https://github.com/jenkinsci/sshd-plugin/pull/247,true,https://raw.githubusercontent.com/jenkinsci/sshd-plugin/main/Jenkinsfile,true
Structs Plugin,jenkinsci/structs-plugin,https://github.com/jenkinsci/structs-plugin,false,,,,,false,https://raw.githubusercontent.com/jenkinsci/structs-plugin/master/Jenkinsfile,true
Subversion Plugin,jenkinsci/subversion-plugin,https://github.com/jenkinsci/subversion-plugin,false,,,,,false,https://raw.githubusercontent.com/jenkinsci/subversion-plugin/master/Jenkinsfile,true
Theme Manager Plugin,jenkinsci/theme-manager-plugin,https://github.com/jenkinsci/theme-manager-plugin,true,97f05fac4b6a198c1a3ddf3e8887e696a7744fd1,2025-11-15T21:26:22Z,337,https://github.com/jenkinsci/theme-manager-plugin/pull/337,true,https://raw.githubusercontent.com/jenkinsci/theme-manager-plugin/master/Jenkinsfile,true
Thin Backup Plugin,jenkinsci/thin-backup-plugin,https://github.com/jenkinsci/thin-backup-plugin,true,52b7c02e909eb77b93cafabd752632950bef00de,2025-11-15T20:59:34Z,223,https://github.com/jenkinsci/thin-backup-plugin/pull/223,true,https://raw.githubusercontent.com/jenkinsci/thin-backup-plugin/master/Jenkinsfile,true
Throttle Concurrent Builds Plugin,jenkinsci/throttle-concurrent-builds-plugin,https://github.com/jenkinsci/throttle-concurrent-builds-plugin,false,,,,,false,https://raw.githubusercontent.com/jenkinsci/throttle-concurrent-builds-plugin/master/Jenkinsfile,true
Timestamper Plugin,jenkinsci/timestamper-plugin,https://github.com/jenkinsci/timestamper-plugin,false,,,,,false,https://raw.githubusercontent.com/jenkinsci/timestamper-plugin/master/Jenkinsfile,true
Token Macro Plugin,jenkinsci/token-macro-plugin,https://github.com/jenkinsci/token-macro-plugin,true,7272a62338910d7fbcf6df386becce4b4a9e9a72,2025-11-15T20:59:34Z,304,https://github.com/jenkinsci/token-macro-plugin/pull/304,true,https://raw.githubusercontent.com/jenkinsci/token-macro-plugin/main/Jenkinsfile,true
Trilead Api Plugin,jenkinsci/trilead-api-plugin,https://github.com/jenkinsci/trilead-api-plugin,true,1e58fbf2367a55d50c1074f13f16a203da1b25c6,2025-11-15T20:59:35Z,253,https://github.com/jenkinsci/trilead-api-plugin/pull/253,true,https://raw.githubusercontent.com/jenkinsci/trilead-api-plugin/main/Jenkinsfile,true
Variant Plugin,jenkinsci/variant-plugin,https://github.com/jenkinsci/variant-plugin,false,,,,,false,https://raw.githubusercontent.com/jenkinsci/variant-plugin/master/Jenkinsfile,true
Warnings Ng Plugin,jenkinsci/warnings-ng-plugin,https://github.com/jenkinsci/warnings-ng-plugin,false,,,,,false,https://raw.githubusercontent.com/jenkinsci/warnings-ng-plugin/main/Jenkinsfile,true
Workflow Aggregator Plugin,jenkinsci/workflow-aggregator-plugin,https://github.com/jenkinsci/workflow-aggregator-plugin,true,a91d228934978c6470ce72a6d7199cb0edceaa8c,2025-11-15T20:59:35Z,114,https://github.com/jenkinsci/workflow-aggregator-plugin/pull/114,true,https://raw.githubusercontent.com/jenkinsci/workflow-aggregator-plugin/master/Jenkinsfile,true
Workflow Api Plugin,jenkinsci/workflow-api-plugin,https://github.com/jenkinsci/workflow-api-plugin,true,1820d5cef94583f210a9deeb0f14f25a3c79f029,2025-11-15T20:59:35Z,445,https://github.com/jenkinsci/workflow-api-plugin/pull/445,true,https://raw.githubusercontent.com/jenkinsci/workflow-api-plugin/master/Jenkinsfile,true
Workflow Basic Steps Plugin,jenkinsci/workflow-basic-steps-plugin,https://github.com/jenkinsci/workflow-basic-steps-plugin,true,0573509123014a71fbc18f64312df3547ae14f76,2025-09-17T04:29:44Z,365,https://github.com/jenkinsci/workflow-basic-steps-plugin/pull/365,true,https://raw.githubusercontent.com/jenkinsci/workflow-basic-steps-plugin/master/Jenkinsfile,true
Workflow Cps Global Lib Plugin,jenkinsci/workflow-cps-global-lib-plugin,https://github.com/jenkinsci/workflow-cps-global-lib-plugin,false,,,,,false,https://raw.githubusercontent.com/jenkinsci/workflow-cps-global-lib-plugin/master/Jenkinsfile,true
Workflow Cps Plugin,jenkinsci/workflow-cps-plugin,https://github.com/jenkinsci/workflow-cps-plugin,true,aa999a2ae5edc5ed5e3ca824dd1b3c82fe247680,2025-11-15T21:57:03Z,1108,https://github.com/jenkinsci/workflow-cps-plugin/pull/1108,true,https://raw.githubusercontent.com/jenkinsci/workflow-cps-plugin/master/Jenkinsfile,true
Workflow Durable Task Step Plugin,jenkinsci/workflow-durable-task-step-plugin,https://github.com/jenkinsci/workflow-durable-task-step-plugin,true,e580f5fe84b2e90ad83646377f63f05e634b0e26,2025-11-17T10:51:08Z,482,https://github.com/jenkinsci/workflow-durable-task-step-plugin/pull/482,true,https://raw.githubusercontent.com/jenkinsci/workflow-durable-task-step-plugin/master/Jenkinsfile,true
Workflow Job Plugin,jenkinsci/workflow-job-plugin,https://github.com/jenkinsci/workflow-job-plugin,true,130687fcfd2eb546728dfdb1ac6666f5af174a91,2025-11-15T21:47:03Z,574,https://github.com/jenkinsci/workflow-job-plugin/pull/574,true,https://raw.githubusercontent.com/jenkinsci/workflow-job-plugin/master/Jenkinsfile,true
Workflow Multibranch Plugin,jenkinsci/workflow-multibranch-plugin,https://github.com/jenkinsci/workflow-multibranch-plugin,true,4851708b54c6eba8484e5515a056eabbabcf9c93,2025-09-17T03:57:37Z,390,https://github.com/jenkinsci/workflow-multibranch-plugin/pull/390,true,https://raw.githubusercontent.com/jenkinsci/workflow-multibranch-plugin/master/Jenkinsfile,true
Workflow Scm Step Plugin,jenkinsci/workflow-scm-step-plugin,https://github.com/jenkinsci/workflow-scm-step-plugin,true,0288538159380707976a8a1ec4bff1e4fae195aa,2025-09-17T03:27:52Z,190,https://github.com/jenkinsci/workflow-scm-step-plugin/pull/190,true,https://raw.githubusercontent.com/jenkinsci/workflow-scm-step-plugin/master/Jenkinsfile,true
Workflow Step Api Plugin,jenkinsci/workflow-step-api-plugin,https://github.com/jenkinsci/workflow-step-api-plugin,true,505096c7d60afe06c66258974c52a21339b04097,2025-11-15T20:59:35Z,243,https://github.com/jenkinsci/workflow-step-api-plugin/pull/243,true,https://raw.githubusercontent.com/jenkinsci/workflow-step-api-plugin/master/Jenkinsfile,true
Workflow Support Plugin,jenkinsci/workflow-support-plugin,https://github.com/jenkinsci/workflow-support-plugin,true,234e578c0998aeb6eb4acfd3f88ccd37323382da,2025-09-17T03:03:26Z,344,https://github.com/jenkinsci/workflow-support-plugin/pull/344,true,https://raw.githubusercontent.com/jenkinsci/workflow-support-plugin/master/Jenkinsfile,true
Ws Cleanup Plugin,jenkinsci/ws-cleanup-plugin,https://github.com/jenkinsci/ws-cleanup-plugin,false,,,,,false,https://raw.githubusercontent.com/jenkinsci/ws-cleanup-plugin/master/Jenkinsfile,true
